<?xml version="1.0" encoding="UTF-8"?>
<configuration>
	<property resource="application.properties" />

	<appender name="ConsoleAppender"
		class="ch.qos.logback.core.ConsoleAppender">
		<encoder>
			<pattern>
				%d{MM:dd HH:mm:ss.SSS} [%level] - %msg%n
			</pattern>
		</encoder>
	</appender>

	<appender name="RollingAppender"
		class="ch.qos.logback.core.rolling.RollingFileAppender">
		<encoder
			class="ch.qos.logback.classic.encoder.PatternLayoutEncoder">
			<Pattern>%d %p %C{1.} [%t] %m%n</Pattern>
		</encoder>

		<rollingPolicy
			class="ch.qos.logback.core.rolling.TimeBasedRollingPolicy">
			<!-- rollover daily and when the file reaches 9 MegaBytes -->
			<fileNamePattern>${IB_ENROLLMENT_IB_LOG}/ResponseReport-%d{yyyy-MM-dd}.%i.log
			</fileNamePattern>
			<timeBasedFileNamingAndTriggeringPolicy
				class="ch.qos.logback.core.rolling.SizeAndTimeBasedFNATP">
				<maxFileSize>9MB</maxFileSize>
			</timeBasedFileNamingAndTriggeringPolicy>
		</rollingPolicy>
	</appender>

	<root level="info">
		<appender-ref ref="ConsoleAppender"></appender-ref>
		<appender-ref ref="RollingAppender"></appender-ref>
	</root>
</configuration>